product_id,name,category,price,rating,review_count,description
P001,Wireless Noise-Cancelling Headphones,Electronics,149.99,4.5,320,Premium over-ear headphones with 30hr battery life
P002,Running Shoes Pro X,Footwear,89.99,4.3,210,Lightweight responsive running shoes for all terrains
P003,Organic Green Tea Set,Food & Beverage,24.99,4.7,150,Premium loose-leaf green tea collection from Japan
P004,Ergonomic Office Chair,Furniture,299.99,4.2,180,Lumbar support adjustable chair for home office
P005,Yoga Mat Premium,Sports,45.99,4.6,95,Non-slip eco-friendly 6mm thick yoga mat
P006,Smart Watch Series 5,Electronics,199.99,4.4,410,Fitness tracking smartwatch with heart rate monitor
P007,Leather Wallet Slim,Accessories,39.99,4.1,130,Minimalist RFID-blocking genuine leather wallet
P008,Blender Pro 1000W,Kitchen,79.99,4.5,220,High-speed blender for smoothies and soups
P009,Sunscreen SPF 50,Beauty,18.99,4.3,310,Mineral sunscreen for sensitive skin
P010,Backpack Urban 30L,Bags,65.99,4.4,175,Water-resistant laptop backpack with USB port
