review_id,product_id,user_id,rating,title,body,sentiment,date
R001,P001,U001,5,Amazing sound quality,These headphones are absolutely incredible. The noise cancellation is top notch and battery life is amazing.,positive,2024-01-15
R002,P001,U002,4,Great but a bit pricey,Sound quality is excellent and very comfortable. Worth the price if you can afford it.,positive,2024-01-18
R003,P001,U003,2,Connectivity issues,Keeps disconnecting from my phone. Very frustrating experience.,negative,2024-01-20
R004,P002,U001,5,Best running shoes ever,Incredibly lightweight and comfortable. My runs have improved significantly.,positive,2024-01-22
R005,P002,U004,3,Average quality,Decent shoes but nothing special. Expected better for the price.,neutral,2024-01-25
R006,P003,U002,5,Delicious and authentic,The green tea is absolutely delicious. Feels very authentic and high quality.,positive,2024-01-28
R007,P004,U005,4,Very comfortable chair,My back pain has reduced since using this chair. Assembly was a bit tricky.,positive,2024-02-01
R008,P004,U003,1,Arrived damaged,The chair arrived with a broken armrest. Customer service was unhelpful.,negative,2024-02-03
R009,P005,U001,5,Perfect yoga mat,Non-slip surface is excellent. Great thickness and very durable.,positive,2024-02-05
R010,P006,U002,4,Solid smartwatch,Battery life is great and fitness tracking is accurate. App could be better.,positive,2024-02-08
R011,P006,U004,5,Love this watch,Absolutely love everything about this watch. Best purchase this year!,positive,2024-02-10
R012,P007,U005,3,Just okay,It is a decent wallet but the stitching came loose after a month.,neutral,2024-02-12
R013,P008,U001,5,Powerful blender,Makes the smoothest smoothies. Very powerful and easy to clean.,positive,2024-02-15
R014,P009,U003,4,Good sunscreen,No white cast and absorbs quickly. Works well for daily use.,positive,2024-02-18
R015,P010,U002,5,Best backpack,Spacious and well-organized. The USB charging port is super convenient.,positive,2024-02-20
R016,P001,U005,4,Solid headphones,Good audio quality and comfortable for long sessions. Recommended.,positive,2024-02-22
R017,P002,U003,5,Excellent for trails,Wore these on a mountain trail and they performed amazingly well.,positive,2024-02-25
R018,P003,U004,2,Bland taste,Not as flavorful as I expected. Seems like low quality tea.,negative,2024-02-28
R019,P006,U001,3,Mixed feelings,Nice design but the battery drains faster than advertised.,neutral,2024-03-01
R020,P009,U005,5,Holy grail sunscreen,Finally found a sunscreen I love. No greasy feeling at all.,positive,2024-03-03
